ObjectNumber,Ed_cell_mean_value,Ed_cell_variance,Ed_agg_mean_value,Ed_agg_max_value,Ed_agg_min_value,Ed_agg_top_50_value,Ed_agg_top_25_value,Metadata_cell,Metadata_hour,Metadata_treatment,Metadata_site,Metadata_dish
1,0.1559045761823654,0.0135963484644889,0.17857500910758972,0.28185373544692993,0.0847577154636383,0.21263380348682404,0.2332618683576584,H1975,2,control,0,1
2,0.219840794801712,0.004372495226562,0.25264158844947815,0.34277474880218506,0.16828086972236633,0.2923150062561035,0.31590452790260315,H1975,2,control,0,1
3,0.0861231759190559,0.0106312884017825,0,0,0,0,0,H1975,2,control,0,1
4,0.0740888267755508,0.0114113921299576,0.1726638674736023,0.42268478870391846,0.009379941038787365,0.24481981992721558,0.289863258600235,H1975,2,control,0,1
5,0.0816950723528862,0.0062005324289202,0.08710762113332748,0.22084198892116547,0.00038596882950514555,0.12751895189285278,0.15394262969493866,H1975,2,control,0,1
6,0.1823590993881225,0.0042847860604524,0.1729232221841812,0.2588956356048584,0.10779144614934921,0.1935489922761917,0.20894107222557068,H1975,2,control,0,1
1,0.1660876423120498,0.0138986790552735,0.3075055778026581,0.4210471212863922,0.21953390538692474,0.34861353039741516,0.373341828584671,H1975,2,control,1,1
2,0.122309111058712,0.0065071680583059,0,0,0,0,0,H1975,2,control,1,1
3,0.1211564838886261,0.0036865083966404,0.15768291056156158,0.26781758666038513,0.07235583662986755,0.19041591882705688,0.21466942131519318,H1975,2,control,1,1
1,0.0743256136775016,0.0014805048704147,0.09640433639287949,0.13758376240730286,0.06617286801338196,0.10748349130153656,0.11481735110282898,H1975,2,control,10,1
2,0.0700435191392898,0.0027327409479767,0,0,0,0,0,H1975,2,control,10,1
1,0.0784545317292213,0.0015875278040766,0.06657826900482178,0.13407374918460846,0.003725437680259347,0.0888628363609314,0.10132034122943878,H1975,2,control,11,1
2,0.1962660104036331,0.0033990230876952,0.23450201749801636,0.3135598301887512,0.12470313906669617,0.2640887498855591,0.2792009711265564,H1975,2,control,11,1
3,0.0889614969491958,0.0186877623200416,0.24548299610614777,0.3692514896392822,0.0730486512184143,0.2885172367095947,0.3208560645580292,H1975,2,control,11,1
1,0.1484011560678482,0.0016452367417514,0.14055952429771423,0.2792189121246338,0.04147891327738762,0.17530786991119385,0.20037387311458588,H1975,2,control,12,1
1,0.0928096324205398,0.0003586703678593,0.10394849628210068,0.1478441059589386,0.049536433070898056,0.11758383363485336,0.1265229731798172,H1975,2,control,13,1
2,0.1273752748966217,0.0013084503589197,0.17767606675624847,0.23197321593761444,0.13553835451602936,0.19239623844623566,0.20200403034687042,H1975,2,control,13,1
3,0.0915817767381668,0.0008290831465274,0.09392775595188141,0.1213298887014389,0.0791836604475975,0.10210023820400238,0.10675342381000519,H1975,2,control,13,1
1,0.3931580483913421,0.0258680675178766,0.36151203513145447,0.5076072812080383,0.23913642764091492,0.4055022895336151,0.43884551525115967,H1975,2,control,14,1
1,0.2121075093746185,0.0531992800533771,0.17870263755321503,0.22162678837776184,0.1359473466873169,0.19358743727207184,0.20463864505290985,H1975,2,control,16,1
2,0.2639096081256866,0.010673931799829,0.15030862390995026,0.2129235565662384,0.0873270183801651,0.16766521334648132,0.18060652911663055,H1975,2,control,16,1
1,0.0778398141264915,0.00199861289002,0.059188660234212875,0.09566967934370041,6.962229963392019e-05,0.07626923173666,0.08425719290971756,H1975,2,control,17,1
2,0.0588668212294578,0.0016892172861844,0.06573525816202164,0.1613416224718094,0.014058205299079418,0.08965330570936203,0.11192373186349869,H1975,2,control,17,1
3,0.0728360339999198,0.0012669883435592,0.05818501487374306,0.08969467878341675,0.02268386445939541,0.0711740255355835,0.07877855002880096,H1975,2,control,17,1
4,0.0902899727225303,0.0031766067259013,0.08234589546918869,0.11951875686645508,0.04696333408355713,0.09504349529743195,0.10388530790805817,H1975,2,control,17,1
5,0.0009720004163682,0.0001282912853639,0.081023670732975,0.22811803221702576,0.01669437438249588,0.13333545625209808,0.19178785383701324,H1975,2,control,17,1
6,0.1068864837288856,0.0032228496856987,0.08816513419151306,0.1905660331249237,0.006242187228053808,0.11521722376346588,0.13252714276313782,H1975,2,control,17,1
7,0.0210040882229805,0.0010116298217326,0.02336856722831726,0.06312829256057739,2.9407085094135255e-05,0.03833697363734245,0.04772106185555458,H1975,2,control,17,1
1,0.0725032091140747,0.0008997137774713,0.0748646929860115,0.10290287435054779,0.04565193131566048,0.08732836693525314,0.09392859041690826,H1975,2,control,18,1
1,0.1761877983808517,0.0025963834486901,0.17639482021331787,0.2707277536392212,0.09757548570632935,0.2087593823671341,0.23142819106578827,H1975,2,control,19,1
2,0.0887214615941047,0.0058714351616799,0.10779453068971634,0.165652796626091,0.05185863748192787,0.12529082596302032,0.1380162388086319,H1975,2,control,19,1
3,0.1966411024332046,0.0104417614638805,0.23261642456054688,0.3013414442539215,0.17724865674972534,0.2590790390968323,0.27541404962539673,H1975,2,control,19,1
1,0.0371796265244483,0.0082854209467768,0.20246461033821106,0.3764311671257019,0.0006419463898055255,0.26931294798851013,0.30427902936935425,H1975,2,control,2,1
2,0.3406105041503906,0.0595088452100753,0.4896257817745209,0.6273441314697266,0.37892189621925354,0.5241832137107849,0.5483722686767578,H1975,2,control,2,1
3,0.1131096556782722,0.0043509998358786,0,0,0,0,0,H1975,2,control,2,1
1,0.127317801117897,0.0042581134475767,0.12010713666677475,0.18439728021621704,0.06614438444375992,0.139265775680542,0.15031373500823975,H1975,2,control,20,1
2,0.0419368632137775,0.0057812053710222,0.07667194306850433,0.22249087691307068,0.0062283542938530445,0.11694470793008804,0.14543460309505463,H1975,2,control,20,1
1,0.1915488690137863,0.0009607677347958,0.18968287110328674,0.25748780369758606,0.11570873111486435,0.21260112524032593,0.22490961849689484,H1975,2,control,21,1
1,0.19474957883358,0.0044528748840093,0.2619527578353882,0.38641032576560974,0.18816730380058289,0.3021320700645447,0.34257635474205017,H1975,2,control,3,1
2,0.1436926275491714,0.0014969035983085,0.13670296967029572,0.2360658049583435,0.06551957130432129,0.15822109580039978,0.16955964267253876,H1975,2,control,3,1
1,0.1012106612324714,0.0024524447508156,0.08685875684022903,0.13603131473064423,0.02914484776556492,0.10411258041858673,0.11371592432260513,H1975,2,control,4,1
2,0.1552752554416656,0.0133890695869922,0.11380398273468018,0.2270088493824005,0.0011757418978959322,0.16301032900810242,0.1922297179698944,H1975,2,control,4,1
3,0.1301356852054596,0.0069500152021646,0.11784396320581436,0.2557379901409149,0.007282603532075882,0.15936191380023956,0.18729020655155182,H1975,2,control,4,1
1,0.2155098766088485,0.0015138746239244,0.22068041563034058,0.3149169087409973,0.10930971801280975,0.24617333710193634,0.2604896128177643,H1975,2,control,5,1
2,0.2037399113178253,0.0114438598975539,0.17446713149547577,0.3437335193157196,0.031749505549669266,0.2220197170972824,0.24907435476779938,H1975,2,control,5,1
1,0.0997190698981285,0.0006082297768443,0.09963567554950714,0.1899770349264145,0.05715681612491608,0.11819134652614594,0.13412578403949738,H1975,2,control,6,1
1,0.1084327399730682,0.0033787190914154,0.1364346444606781,0.23227445781230927,0.07293704897165298,0.16743046045303345,0.18876342475414276,H1975,2,control,7,1
2,0.1909881234169006,0.0083498591557145,0.184735968708992,0.3349333107471466,0.09559623152017593,0.2232699692249298,0.2508714497089386,H1975,2,control,7,1
1,0.1023548617959022,0.0170862209051847,0.26730877161026,0.3477039933204651,0.2017568200826645,0.29830512404441833,0.32028961181640625,H1975,2,control,8,1
2,0.1073578894138336,0.0122390240430831,0.2007298320531845,0.40308713912963867,0.03525655344128609,0.2546376883983612,0.2886826694011688,H1975,2,control,8,1
3,0.2437077462673187,0.0579757802188396,0,0,0,0,0,H1975,2,control,8,1
4,0.0442086420953273,0.000980916316621,0.04134827479720116,0.05967617779970169,0.01189909502863884,0.05055728554725647,0.05455470457673073,H1975,2,control,8,1
5,0.0020935463253408,0.000341247068718,0.1556321233510971,0.2644011080265045,0.025568688288331032,0.21357618272304535,0.23388594388961792,H1975,2,control,8,1
6,0.2332257628440857,0.0024641065392643,0.23744843900203705,0.27430662512779236,0.20301231741905212,0.25967684388160706,0.2679383456707001,H1975,2,control,8,1
1,0.2095619738101959,0.039733987301588,0.29529133439064026,0.44163477420806885,0.10144951939582825,0.3524935245513916,0.3843578100204468,H1975,2,control,9,1
1,0.2330952435731887,0.0050956970080733,0.14169420301914215,0.16404834389686584,0.12025388330221176,0.14831680059432983,0.15281929075717926,H1975,2,control,0,2
1,0.4224458038806915,0.0210878327488899,0.42404094338417053,0.48444148898124695,0.32825931906700134,0.4512518346309662,0.46520477533340454,H1975,2,control,1,2
1,0.1788166165351867,0.0011467649601399,0,0,0,0,0,H1975,2,control,10,2
2,0.3362770080566406,0.0121913468465209,0.3469157814979553,0.4111675024032593,0.2809227406978607,0.3806241452693939,0.39723631739616394,H1975,2,control,10,2
1,0.0378121249377727,0.0036569978110492,0.06137501820921898,0.14966660737991333,0.010218532755970955,0.09208395332098007,0.11399485915899277,H1975,2,control,11,2
2,0.2380454838275909,0.0059751812368631,0.21129265427589417,0.29751917719841003,0.05343254283070564,0.2506924569606781,0.26977697014808655,H1975,2,control,11,2
3,0.2826917469501495,0.0015565725043416,0.2864646017551422,0.4088577926158905,0.09394824504852295,0.3249117136001587,0.34860342741012573,H1975,2,control,11,2
1,0.1956624388694763,0.0088870171457529,0.21344320476055145,0.2757655680179596,0.15463435649871826,0.2359609752893448,0.24942803382873535,H1975,2,control,12,2
2,0.2619754076004028,0.0030854316428303,0.27781566977500916,0.33495181798934937,0.19255661964416504,0.30079859495162964,0.3130890727043152,H1975,2,control,12,2
1,0.0763935819268226,0.0035401212517172,0.1245589479804039,0.2593793272972107,0.005861222743988037,0.16609272360801697,0.2021266371011734,H1975,2,control,13,2
2,0.3373091220855713,0.0053138257935643,0.28612151741981506,0.46211597323417664,0.12683258950710297,0.348443865776062,0.3935544192790985,H1975,2,control,13,2
1,0.1852931529283523,0.0126709239557385,0.19770653545856476,0.3392470180988312,0.02460169419646263,0.24536626040935516,0.2688634693622589,H1975,2,control,14,2
2,0.2396536022424698,0.0044897147454321,0.2617270350456238,0.31780537962913513,0.19553783535957336,0.2798585593700409,0.2900986969470978,H1975,2,control,14,2
3,0.0377314537763595,0.0057580443099141,0.14215874671936035,0.3488525450229645,0.0019835922867059708,0.20428970456123352,0.24048154056072235,H1975,2,control,14,2
4,0.0135599179193377,0.0022494313307106,0.12678390741348267,0.2708057165145874,0.0032984972931444645,0.17458611726760864,0.20335112512111664,H1975,2,control,14,2
5,0.0053824218921363,0.0007107786950655,0,0,0,0,0,H1975,2,control,14,2
1,0.1479522585868835,0.0096921352669596,0.165973961353302,0.3378365635871887,0.01719023659825325,0.20605793595314026,0.23051424324512482,H1975,2,control,2,2
2,0.1866601854562759,0.0236731749027967,0.24918939173221588,0.4141733646392822,0.07909973710775375,0.3129335939884186,0.34008315205574036,H1975,2,control,2,2
3,0.1010493263602256,0.0028915535658597,0.10508599877357483,0.13705913722515106,0.07293646037578583,0.12011325359344482,0.12901906669139862,H1975,2,control,2,2
1,0.0753857046365737,0.0014414940960705,0,0,0,0,0,H1975,2,control,3,2
2,0.1858974993228912,0.0038471089210361,0.24310298264026642,0.3600675165653229,0.14042626321315765,0.2864519953727722,0.31154173612594604,H1975,2,control,3,2
3,0.184399202466011,0.0020865094847977,0.27352744340896606,0.30985790491104126,0.21428944170475006,0.29260551929473877,0.30084872245788574,H1975,2,control,3,2
4,0.2317234724760055,0.0061020641587674,0.19150905311107635,0.2754354774951935,0.03703863173723221,0.22754314541816711,0.24913010001182556,H1975,2,control,3,2
1,0.2649216055870056,0.0146551337093114,0.3359110653400421,0.4152470529079437,0.2951623201370239,0.35526713728904724,0.37604495882987976,H1975,2,control,4,2
2,0.1869060695171356,0.0155029296875,0.2592255175113678,0.3306596279144287,0.19006136059761047,0.29222214221954346,0.3053096830844879,H1975,2,control,4,2
3,0.2075139135122299,0.0283592380583286,0.33090129494667053,0.46412551403045654,0.20932172238826752,0.3727153539657593,0.40277963876724243,H1975,2,control,4,2
1,0.0562535002827644,0.0019434010609984,0.1273908168077469,0.2037832885980606,0.04580830782651901,0.15275925397872925,0.16533195972442627,H1975,2,control,5,2
2,0.0674604102969169,0.0014126340392977,0.09221570938825607,0.2208995372056961,0.0040264250710606575,0.1319369375705719,0.1584804207086563,H1975,2,control,5,2
3,0.407071441411972,0.0060675353743135,0.3851170539855957,0.4662076532840729,0.3119661509990692,0.4083181619644165,0.4219364523887634,H1975,2,control,5,2
4,0.1385739296674728,0.0203740540891885,0.17709068953990936,0.2653108239173889,0.09100104868412018,0.22123296558856964,0.24340569972991943,H1975,2,control,5,2
5,0.1401692628860473,0.0219270661473274,0,0,0,0,0,H1975,2,control,5,2
1,0.2617533206939697,0.0037127798423171,0.2746879756450653,0.3356494605541229,0.1878705471754074,0.2989155650138855,0.3146885931491852,H1975,2,control,6,2
2,0.2858026325702667,0.0195704344660043,0.24470369517803192,0.34069374203681946,0.1427794247865677,0.28119856119155884,0.30004048347473145,H1975,2,control,6,2
1,0.1356448680162429,0.0102662844583392,0.12084884941577911,0.178165465593338,0.06860758364200592,0.1458805799484253,0.15789338946342468,H1975,2,control,7,2
2,0.2822405695915222,0.0254681762307882,0.2633562982082367,0.4069403409957886,0.1625141203403473,0.3121320307254791,0.3484196364879608,H1975,2,control,7,2
1,0.1087316870689392,0.0033151779789477,0.0826946571469307,0.15819518268108368,0.00164388632401824,0.11400660872459412,0.13417495787143707,H1975,2,control,8,2
1,0.3622937202453613,0.0530251897871494,0.35475677251815796,0.3870573043823242,0.30499690771102905,0.3766573369503021,0.3822423219680786,H1975,2,control,9,2
2,0.1110180541872978,0.0441316328942775,0,0,0,0,0,H1975,2,control,9,2
3,0.1383745670318603,0.0242117270827293,0.306745320558548,0.44095098972320557,0.15343838930130005,0.35375475883483887,0.3798861503601074,H1975,2,control,9,2
4,0.1347831189632415,0.0032634572125971,0.11794467270374298,0.27090728282928467,0.01897907257080078,0.15405960381031036,0.17510159313678741,H1975,2,control,9,2
1,0.0324001535773277,0.0036960742436349,0.057199448347091675,0.12877723574638367,0.0033294481690973043,0.08056330680847168,0.09571375697851181,H1975,2,gefitinib,0,1
2,0.1899690777063369,0.0081541808322072,0.12453458458185196,0.2402455359697342,0.057127874344587326,0.16363906860351562,0.20000708103179932,H1975,2,gefitinib,0,1
1,0.0977410748600959,0.002129927277565,0.18290726840496063,0.2712201178073883,0.0956595242023468,0.22533363103866577,0.24677471816539764,H1975,2,gefitinib,1,1
2,0.1233401596546173,0.0008521492709405,0.1518719345331192,0.23960593342781067,0.08119887113571167,0.1784086376428604,0.195390522480011,H1975,2,gefitinib,1,1
3,0.1108235269784927,0.0008334197918884,0.0983794555068016,0.16825374960899353,0.044535666704177856,0.12053606659173965,0.13197436928749084,H1975,2,gefitinib,1,1
1,0.1862263232469558,0.0096477679908275,0.305087685585022,0.41133952140808105,0.16665226221084595,0.3435222804546356,0.35574665665626526,H1975,2,gefitinib,10,1
2,0.1146657541394233,0.0047677159309387,0.11738987267017365,0.2592618763446808,0.0031352010555565357,0.15765897929668427,0.18199437856674194,H1975,2,gefitinib,10,1
3,0.1343580931425094,0.0061892494559288,0.1014653891324997,0.2683809995651245,0.006470294203609228,0.14044809341430664,0.16909779608249664,H1975,2,gefitinib,10,1
4,0.0930347219109535,0.0028880436439067,0.1062239482998848,0.1831662952899933,0.01035492867231369,0.13662180304527283,0.14845989644527435,H1975,2,gefitinib,10,1
5,0.158669576048851,0.0049421959556639,0.14410404860973358,0.2390509992837906,0.053784020245075226,0.16925086081027985,0.18747955560684204,H1975,2,gefitinib,10,1
6,0.109122909605503,0.0029448275454342,0.20812416076660156,0.31012898683547974,0.11143729835748672,0.24852313101291656,0.26865431666374207,H1975,2,gefitinib,10,1
1,0.0071020615287125,0.0009563770145177,0,0,0,0,0,H1975,2,gefitinib,11,1
2,0.1636023670434951,0.0027205904480069,0.184309184551239,0.3236417770385742,0.07492642104625702,0.22279274463653564,0.2517409026622772,H1975,2,gefitinib,11,1
1,0.0634407922625541,0.0009919418953359,0.12181532382965088,0.24327106773853302,0.026461442932486534,0.15345832705497742,0.17433898150920868,H1975,2,gefitinib,12,1
2,0.0784799009561538,0.0048244073987007,0.06558017432689667,0.18019132316112518,0.0007082059164531529,0.0973789393901825,0.11510363221168518,H1975,2,gefitinib,12,1
1,0.1030356585979461,0.0066799167543649,0,0,0,0,0,H1975,2,gefitinib,13,1
2,0.1165673062205314,0.0018456066027283,0.11991391330957413,0.19774235785007477,0.01208331249654293,0.14637894928455353,0.16029328107833862,H1975,2,gefitinib,13,1
1,0.1118593513965606,0.007759244646877,0.10492236167192459,0.29253795742988586,0.001026963465847075,0.1448381394147873,0.17055778205394745,H1975,2,gefitinib,14,1
2,0.0986242741346359,0.002558363834396,0.22460854053497314,0.3190593123435974,0.1287088841199875,0.25905129313468933,0.27566778659820557,H1975,2,gefitinib,14,1
3,0.1273878812789917,0.0042214565910398,0.10230621695518494,0.1958089917898178,0.03700480982661247,0.1274426132440567,0.14423570036888123,H1975,2,gefitinib,14,1
1,0.1440445631742477,0.0104474052786827,0.1326403170824051,0.2783430814743042,0.011209008283913136,0.17525695264339447,0.20335790514945984,H1975,2,gefitinib,15,1
2,0.0238018278032541,0.0033335250336676,0.08843231201171875,0.2908574938774109,0.0021516333799809217,0.13455668091773987,0.1644163429737091,H1975,2,gefitinib,15,1
3,0.1321992874145507,0.0023811166174709,0.14421820640563965,0.29682716727256775,0.07435984164476395,0.17255878448486328,0.19991420209407806,H1975,2,gefitinib,15,1
1,0.0027704008389264,0.0006197391776368,0,0,0,0,0,H1975,2,gefitinib,16,1
2,0.1842255741357803,0.0076289474964141,0.2565542757511139,0.385448157787323,0.12271203100681305,0.3046018183231354,0.33430173993110657,H1975,2,gefitinib,16,1
3,0.06184583902359,0.0120848370715975,0.30100858211517334,0.5306375622749329,0.020188389346003532,0.37736746668815613,0.42464151978492737,H1975,2,gefitinib,16,1
1,0.000393502326915,4.591339165926911e-05,0,0,0,0,0,H1975,2,gefitinib,17,1
2,0.0468652211129665,0.0015704091638326,0.04263707622885704,0.10272196680307388,0.0012500989250838757,0.060411494225263596,0.07153749465942383,H1975,2,gefitinib,17,1
1,0.059725172817707,0.0010248473845422,0.10218057781457901,0.15169964730739594,0.061402205377817154,0.11632946133613586,0.12509794533252716,H1975,2,gefitinib,18,1
1,0.0944194495677948,0.0020710565149784,0.09022947400808334,0.22107438743114471,0.017248982563614845,0.11876677721738815,0.1388806402683258,H1975,2,gefitinib,19,1
2,0.1129880771040916,0.0011021236423403,0.12212818115949631,0.1962347775697708,0.06324026733636856,0.1434451788663864,0.15830619633197784,H1975,2,gefitinib,19,1
3,0.1066250428557396,0.0010670874034985,0.1275605410337448,0.15037401020526886,0.1044931560754776,0.13598620891571045,0.14121025800704956,H1975,2,gefitinib,19,1
1,0.2058009654283523,0.0028986418619751,0.24201875925064087,0.36182457208633423,0.13892967998981476,0.27549904584884644,0.29550081491470337,H1975,2,gefitinib,2,1
1,0.0184181444346904,0.0027050571516156,0.06537225842475891,0.13063959777355194,0.00160637975204736,0.0957084447145462,0.1145276352763176,H1975,2,gefitinib,20,1
2,6.518804002553225e-05,7.0886067078390624e-06,0,0,0,0,0,H1975,2,gefitinib,20,1
3,0.1057348623871803,0.0033128059003502,0.10576625913381577,0.23346799612045288,0.00199879496358335,0.1427529752254486,0.1633819341659546,H1975,2,gefitinib,20,1
4,0.1434898972511291,0.0218061041086912,0.2651953101158142,0.42972177267074585,0.07051587849855423,0.3293209671974182,0.3639431297779083,H1975,2,gefitinib,20,1
5,0.0935456976294517,0.0229215621948242,0.29354238510131836,0.42759963870048523,0.08414829522371292,0.3698423504829407,0.39156851172447205,H1975,2,gefitinib,20,1
6,0.0210891403257846,0.006050057709217,0.24973861873149872,0.5809954404830933,0.00914660096168518,0.35072341561317444,0.4051499366760254,H1975,2,gefitinib,20,1
7,0.037418819963932,0.0095165520906448,0.30580803751945496,0.5175658464431763,0.14425596594810486,0.36156731843948364,0.39437299966812134,H1975,2,gefitinib,20,1
1,0.1571364849805832,0.0038006335962563,0.2503945827484131,0.3551272749900818,0.1652311235666275,0.2864876985549927,0.31203141808509827,H1975,2,gefitinib,3,1
2,0.0553433187305927,0.0057586282491683,0.09405283629894257,0.30950024724006653,0.0004662255523726344,0.13995683193206787,0.1714673638343811,H1975,2,gefitinib,3,1
3,0.2410699874162674,0.0051590525545179,0.2939392030239105,0.37992027401924133,0.1895633488893509,0.3261476159095764,0.3441297113895416,H1975,2,gefitinib,3,1
4,0.2185937911272049,0.0034777817782014,0.22323472797870636,0.3763236105442047,0.04895960912108421,0.27173060178756714,0.30200517177581787,H1975,2,gefitinib,3,1
1,0.1781832873821258,0.006567982956767,0.17118483781814575,0.3078024089336395,0.03006078116595745,0.21849097311496735,0.24987870454788208,H1975,2,gefitinib,4,1
2,0.1261561959981918,0.0062938551418483,0.10385481268167496,0.2509262263774872,0.0011762706562876701,0.14610612392425537,0.1723335087299347,H1975,2,gefitinib,4,1
3,0.2745487689971924,0.0109419794753193,0.32507380843162537,0.43991518020629883,0.2251763939857483,0.35736557841300964,0.3768285810947418,H1975,2,gefitinib,4,1
4,0.1368437111377716,0.0038287017960101,0.14485512673854828,0.28678128123283386,0.0011135508539155126,0.1933564394712448,0.21098266541957855,H1975,2,gefitinib,4,1
1,0.0984508693218231,0.008419987745583,0.22966240346431732,0.30788299441337585,0.11895811557769775,0.2562164068222046,0.2708909511566162,H1975,2,gefitinib,5,1
2,0.1788608580827713,0.0026696205604821,0.18719063699245453,0.27033281326293945,0.06528373807668686,0.2193368822336197,0.2351967841386795,H1975,2,gefitinib,5,1
1,0.2621734142303467,0.0069203479215502,0.25508177280426025,0.40585386753082275,0.09690885245800018,0.29759344458580017,0.3234265148639679,H1975,2,gefitinib,6,1
2,0.258451908826828,0.0237162504345178,0.3159695267677307,0.4171596169471741,0.21162590384483337,0.35519421100616455,0.37881767749786377,H1975,2,gefitinib,6,1
3,0.0515615828335285,0.0005818835343234,0.06109819933772087,0.08094579726457596,0.042324088513851166,0.06951521337032318,0.07534700632095337,H1975,2,gefitinib,6,1
4,0.0561376921832561,0.0006734259659424,0,0,0,0,0,H1975,2,gefitinib,6,1
5,0.0398729965090751,0.0012445002794265,0.024806026369333267,0.05897998809814453,0.002023606328293681,0.03689687326550484,0.04662221297621727,H1975,2,gefitinib,6,1
1,0.1375672817230224,0.0024570592213422,0.2101573348045349,0.3142343759536743,0.10384487360715866,0.24347759783267975,0.2626243233680725,H1975,2,gefitinib,7,1
2,0.0852308645844459,0.0007784820627421,0.12907421588897705,0.23771432042121887,0.038504619151353836,0.16812126338481903,0.19583508372306824,H1975,2,gefitinib,7,1
3,0.0858142971992492,0.0009236981277354,0.14693602919578552,0.22879746556282043,0.08873867243528366,0.18298819661140442,0.20282043516635895,H1975,2,gefitinib,7,1
4,0.04078871011734,0.0082305390387773,0.21583670377731323,0.43179428577423096,0.019571354612708092,0.2915560007095337,0.34518083930015564,H1975,2,gefitinib,7,1
1,0.1790624558925628,0.0086095565930008,0.17716552317142487,0.3864828944206238,0.053217485547065735,0.2271871268749237,0.27264130115509033,H1975,2,gefitinib,8,1
2,0.0575268417596817,0.0055758343078196,0.06065908074378967,0.1724471151828766,0.00017146446043625474,0.09120570123195648,0.11343500763177872,H1975,2,gefitinib,8,1
1,0.3899811804294586,0.0074826776981353,0.38420188426971436,0.4250194728374481,0.29309916496276855,0.407569944858551,0.4167114198207855,H1975,2,gefitinib,9,1
2,0.2862957715988159,0.0040220860391855,0.24847036600112915,0.42262598872184753,0.12197203934192657,0.28456181287765503,0.3072037994861603,H1975,2,gefitinib,9,1
1,0.1679504364728927,0.0025069513358175,0.09972569346427917,0.12519092857837677,0.06742271035909653,0.11049439013004303,0.11519598960876465,H1975,2,gefitinib,0,2
2,0.2004230618476867,0.0043442375026643,0.19939664006233215,0.3415142595767975,0.09277830272912979,0.24282148480415344,0.265669047832489,H1975,2,gefitinib,0,2
3,0.0116030294448137,0.001536282012239,0.06587238609790802,0.20422789454460144,0.00043976734741590917,0.10029193013906479,0.1257726103067398,H1975,2,gefitinib,0,2
1,0.4417629837989807,0.0189638417214155,0.3915952742099762,0.5377887487411499,0.2247672975063324,0.4304644465446472,0.4540703296661377,H1975,2,gefitinib,1,2
2,0.2160244435071945,0.0212080311030149,0.29899513721466064,0.5465635657310486,0.09414929896593094,0.3885396122932434,0.45649096369743347,H1975,2,gefitinib,1,2
1,0.2155204564332962,0.0089452108368277,0.20113123953342438,0.3880857825279236,0.02834918722510338,0.24392372369766235,0.27298685908317566,H1975,2,gefitinib,10,2
2,0.1113590374588966,0.0030280037317425,0.21117030084133148,0.3106921315193176,0.08909530937671661,0.2505122721195221,0.2683473825454712,H1975,2,gefitinib,10,2
1,0.0343621522188186,0.002617007587105,0.027392713353037834,0.0609930157661438,0.0001660245325183496,0.03988875076174736,0.04757923260331154,H1975,2,gefitinib,11,2
2,0.1125740259885788,0.0037600402720272,0.2505442798137665,0.35021278262138367,0.05837974324822426,0.291464626789093,0.307627409696579,H1975,2,gefitinib,11,2
3,0.1154723539948463,0.0043262606486678,0.07757844030857086,0.19106735289096832,0.004146191757172346,0.10585242509841919,0.12572073936462402,H1975,2,gefitinib,11,2
4,0.1737018078565597,0.0106137711554765,0.2647477984428406,0.3402423560619354,0.13460569083690643,0.3073611557483673,0.3260594308376312,H1975,2,gefitinib,11,2
1,0.1828082799911499,0.0074315462261438,0.1864817887544632,0.35363417863845825,0.03902269899845123,0.25636953115463257,0.28820717334747314,H1975,2,gefitinib,12,2
2,0.1330287009477615,0.0208345875144004,0,0,0,0,0,H1975,2,gefitinib,12,2
3,0.1063084453344345,0.0033911187201738,0.16756200790405273,0.2949914038181305,0.04344132915139198,0.22300489246845245,0.2498718500137329,H1975,2,gefitinib,12,2
1,0.0013083905214443,0.0001814673451008,0.10524171590805054,0.264935702085495,0.007245668675750494,0.16070868074893951,0.19621506333351135,H1975,2,gefitinib,13,2
2,0.2797808945178985,0.0074558625929057,0.20649412274360657,0.30915045738220215,0.07020272314548492,0.24067485332489014,0.26016029715538025,H1975,2,gefitinib,13,2
3,0.0708542391657829,0.002358925063163,0.09666108340024948,0.2093881070613861,0.006839351262897253,0.13055191934108734,0.15020108222961426,H1975,2,gefitinib,13,2
4,0.2667645215988159,0.0059337024576961,0.23148176074028015,0.37357980012893677,0.08439784497022629,0.28552713990211487,0.31218960881233215,H1975,2,gefitinib,13,2
5,0.2488836199045181,0.013157982379198,0.24817930161952972,0.4302294850349426,0.0193744208663702,0.3064844608306885,0.3397841453552246,H1975,2,gefitinib,13,2
1,0.1051359847187995,0.0030439824331551,0.13301005959510803,0.23563797771930695,0.022362416610121727,0.16985243558883667,0.19074878096580505,H1975,2,gefitinib,14,2
2,0.1551998108625412,0.0116931200027465,0.20964425802230835,0.3970758020877838,0.021987425163388252,0.29815131425857544,0.3510356843471527,H1975,2,gefitinib,14,2
3,0.2257148921489715,0.0098758246749639,0.17489345371723175,0.4027293622493744,0.0025277240201830864,0.24118229746818542,0.2872961759567261,H1975,2,gefitinib,14,2
4,0.1741910725831985,0.0048328870907425,0.16792722046375275,0.23830465972423553,0.08542954176664352,0.1956423968076706,0.21081973612308502,H1975,2,gefitinib,14,2
5,0.1196072921156883,0.0135998344048857,0.09033682197332382,0.2165207862854004,0.0015279243234544992,0.12401685118675232,0.14428535103797913,H1975,2,gefitinib,14,2
1,0.1117463484406471,0.0018673619488254,0.21166284382343292,0.2754316031932831,0.15176495909690857,0.2409529983997345,0.25933051109313965,H1975,2,gefitinib,15,2
2,0.0614838264882564,0.0031039782334119,0.05152137577533722,0.13837671279907227,0.0010825007921084762,0.07529810070991516,0.09073814004659653,H1975,2,gefitinib,15,2
3,0.0959399417042732,0.0078389132395386,0.16586251556873322,0.2413174957036972,0.07643827050924301,0.1922072172164917,0.20941883325576782,H1975,2,gefitinib,15,2
1,0.2060163021087646,0.0052629639394581,0.2421875298023224,0.31921878457069397,0.1580791175365448,0.27529358863830566,0.2927722632884979,H1975,2,gefitinib,16,2
2,0.0398644395172596,0.0038379787001758,0.07791031152009964,0.2793390452861786,0.0020699051674455404,0.12451375275850296,0.16906055808067322,H1975,2,gefitinib,16,2
3,0.0745358988642692,0.0053916508331894,0.11525295674800873,0.2157527059316635,0.016053063794970512,0.15432192385196686,0.17259705066680908,H1975,2,gefitinib,16,2
4,0.136615589261055,0.011090082116425,0.11863287538290024,0.2753727436065674,0.012769350782036781,0.17705106735229492,0.2123536616563797,H1975,2,gefitinib,16,2
5,0.1019969955086708,0.0098381778225302,0.12584930658340454,0.32035747170448303,0.0018412003992125392,0.180850550532341,0.21635623276233673,H1975,2,gefitinib,16,2
1,0.0831779465079307,0.0025804201140999,0.082372285425663,0.190984308719635,0.0004920682986266911,0.10558725148439407,0.1205744668841362,H1975,2,gefitinib,17,2
2,0.007219027262181,0.0002175481931772,0.016688741743564606,0.040523286908864975,0.0007808738155290484,0.02748045139014721,0.034291163086891174,H1975,2,gefitinib,17,2
3,0.076695404946804,0.004018057603389,0.07777523249387741,0.12723641097545624,0.011888749897480011,0.10083881765604019,0.1138988733291626,H1975,2,gefitinib,17,2
4,0.0113005330786108,0.0006249832804314,0.02036472223699093,0.04815518483519554,0.0002441334363538772,0.031435735523700714,0.03928178548812866,H1975,2,gefitinib,17,2
5,0.0187864210456609,0.0005540321581065,0.023938048630952835,0.0932382196187973,0.00020242991740815341,0.03873612731695175,0.04815182834863663,H1975,2,gefitinib,17,2
6,0.083684965968132,0.0018984653288498,0.09551078081130981,0.2311829924583435,0.02726239524781704,0.12444981932640076,0.1497548222541809,H1975,2,gefitinib,17,2
7,0.0733676776289939,0.0037102967035025,0.08763132244348526,0.28092125058174133,0.0016607189318165183,0.12088225036859512,0.14917127788066864,H1975,2,gefitinib,17,2
8,0.0010309299686923,0.0001264955644728,0.07977116107940674,0.22418466210365295,0.004443332087248564,0.1374092996120453,0.20822031795978546,H1975,2,gefitinib,17,2
1,0.0003196101752109,2.543931486798101e-06,0.0013675929512828588,0.0013675929512828588,0.0013675929512828588,0.0013675929512828588,0.0013675929512828588,H1975,2,gefitinib,18,2
2,0.0013425037031993,1.3930188288213683e-05,0,0,0,0,0,H1975,2,gefitinib,18,2
3,0.0057303616777062,7.903687946964055e-05,0.008016642183065414,0.023605642840266228,0.00022275515948422253,0.012022576294839382,0.015220005065202713,H1975,2,gefitinib,18,2
4,0.0002393020113231,1.68028122971009e-06,0,0,0,0,0,H1975,2,gefitinib,18,2
5,0.0004652270290534,4.393231847643619e-06,0.003875643014907837,0.011703582480549812,0.00012771898764185607,0.0063318610191345215,0.008565750904381275,H1975,2,gefitinib,18,2
6,0.0001305847108596,9.610373581381282e-07,0,0,0,0,0,H1975,2,gefitinib,18,2
7,0.0004890558775514,2.258569838886615e-05,0,0,0,0,0,H1975,2,gefitinib,18,2
8,0.0015942389145493,1.641942435526289e-05,0,0,0,0,0,H1975,2,gefitinib,18,2
9,0.012707277201116,0.0001311787782469,0,0,0,0,0,H1975,2,gefitinib,18,2
1,0.2426952570676803,0.006879880093038,0.3290363550186157,0.5063841342926025,0.19583331048488617,0.36582398414611816,0.3874787986278534,H1975,2,gefitinib,19,2
2,0.1554017215967178,0.0074175014160573,0.2406480610370636,0.32091963291168213,0.13815608620643616,0.2763446569442749,0.29270923137664795,H1975,2,gefitinib,19,2
3,0.1012507304549217,0.0017396014882251,0.08847993612289429,0.27130767703056335,0.0015335382195189595,0.11645462363958359,0.14046284556388855,H1975,2,gefitinib,19,2
4,0.1624854952096939,0.0044283308088779,0.21003608405590057,0.2940836250782013,0.09747552871704102,0.2405109405517578,0.25697049498558044,H1975,2,gefitinib,19,2
1,0.1846090853214264,0.0006870581419207,0.21708185970783234,0.3275233507156372,0.1402142345905304,0.24430443346500397,0.2636682987213135,H1975,2,gefitinib,2,2
1,0.2275021821260452,0.0057997643016278,0.18689318001270294,0.3188641369342804,0.08093514293432236,0.2215305119752884,0.24198970198631287,H1975,2,gefitinib,20,2
2,0.1331554055213928,0.0023860507644712,0.1460048109292984,0.2773803472518921,0.06724607199430466,0.18613597750663757,0.21010319888591766,H1975,2,gefitinib,20,2
3,0.0832802355289459,0.0019588503055274,0.14622147381305695,0.23386839032173157,0.0693010538816452,0.1694074422121048,0.18738025426864624,H1975,2,gefitinib,20,2
4,0.1103552132844924,0.0018245332175865,0.2347966581583023,0.2998385429382324,0.11741062998771667,0.2650708556175232,0.27693063020706177,H1975,2,gefitinib,20,2
1,0.2936935424804687,0.020153110846877,0.16801707446575165,0.3176517188549042,0.06840001791715622,0.2052328735589981,0.23651258647441864,H1975,2,gefitinib,3,2
2,0.1725000739097595,0.0136075355112552,0.2648622393608093,0.36486226320266724,0.1534687727689743,0.3098765015602112,0.3410481810569763,H1975,2,gefitinib,3,2
1,0.2140945494174957,0.0130729041993618,0.22259244322776794,0.40211987495422363,0.009576733224093914,0.28098613023757935,0.31596142053604126,H1975,2,gefitinib,4,2
2,0.2811868786811828,0.0047605265863239,0.2689453661441803,0.4181988835334778,0.20495283603668213,0.3015436828136444,0.3402324616909027,H1975,2,gefitinib,4,2
3,0.0502042360603809,0.0033720328938215,0.04811816290020943,0.09508604556322098,7.835519500076771e-05,0.0673297718167305,0.07669910788536072,H1975,2,gefitinib,4,2
4,0.0854156091809272,0.0062596285715699,0.11430279910564423,0.21739858388900757,0.005303006619215012,0.13805443048477173,0.1542147696018219,H1975,2,gefitinib,4,2
1,0.1543398797512054,0.016033336520195,0.27887827157974243,0.4404359459877014,0.06342210620641708,0.33730068802833557,0.37215369939804077,H1975,2,gefitinib,5,2
2,0.111307144165039,0.0019672941416502,0.2006908655166626,0.3014165163040161,0.11684596538543701,0.24078738689422607,0.26599934697151184,H1975,2,gefitinib,5,2
3,0.1017936170101165,0.007053080946207,0.16994604468345642,0.2740953266620636,0.0168932918459177,0.22614823281764984,0.24777241051197052,H1975,2,gefitinib,5,2
1,0.0648443400859832,0.002284669317305,0.09285598993301392,0.1564050018787384,0.04693566635251045,0.1107778549194336,0.12338657677173615,H1975,2,gefitinib,6,2
2,0.018040332943201,0.0032246706541627,0.16729483008384705,0.35742995142936707,0.06113966926932335,0.2120741605758667,0.24942006170749664,H1975,2,gefitinib,6,2
1,0.0874877497553825,0.0031622841488569,0.13565048575401306,0.22324395179748535,0.03067450411617756,0.16747123003005981,0.18723754584789276,H1975,2,gefitinib,7,2
2,0.4341458976268768,0.0279808472841978,0.3851197063922882,0.4621424973011017,0.30492234230041504,0.4127787947654724,0.4283718466758728,H1975,2,gefitinib,7,2
3,0.2479006499052047,0.0209063626825809,0.26296213269233704,0.38978323340415955,0.15893220901489258,0.30371034145355225,0.3336106836795807,H1975,2,gefitinib,7,2
1,0.0613829307258129,0.0092007564380764,0.13180837035179138,0.20149070024490356,0.0368935652077198,0.1657923310995102,0.18554142117500305,H1975,2,gefitinib,8,2
2,0.203095331788063,0.0048375772312283,0.29545068740844727,0.40683096647262573,0.21877643465995789,0.32861414551734924,0.3497166633605957,H1975,2,gefitinib,8,2
3,0.0282173044979572,0.0036433439236134,0.06574247777462006,0.34587112069129944,0.0012975366553291678,0.10343563556671143,0.13201314210891724,H1975,2,gefitinib,8,2
1,0.225153386592865,0.0188655722886323,0.1911151260137558,0.30350035429000854,0.10726876556873322,0.2293941080570221,0.25421959161758423,H1975,2,gefitinib,9,2
2,0.0809944421052932,0.0037758403923362,0.05588515102863312,0.10564962774515152,0.013552245683968067,0.07695428282022476,0.09128127992153168,H1975,2,gefitinib,9,2
3,0.1413793265819549,0.0080183763056993,0.14991983771324158,0.38207533955574036,0.017749205231666565,0.22623375058174133,0.2796390950679779,H1975,2,gefitinib,9,2
4,0.1131910383701324,0.0015795807121321,0.19587849080562592,0.295612096786499,0.1311689019203186,0.22176244854927063,0.23833349347114563,H1975,2,gefitinib,9,2
1,0.0554645583033561,0.0062940465286374,0.08162233233451843,0.23596297204494476,0.006218423135578632,0.11955755203962326,0.14860957860946655,H1975,2,Osimertinib,0,1
2,0.0439071469008922,0.0003711077442858,0.03480198234319687,0.06469477713108063,0.00033080155844800174,0.043592892587184906,0.048507653176784515,H1975,2,Osimertinib,0,1
3,0.1112269833683967,0.0049547282978892,0.0642317533493042,0.17757509648799896,0.0008787607657723129,0.09176390618085861,0.11189147084951401,H1975,2,Osimertinib,0,1
4,0.0890073999762535,0.0035576459486037,0.03657112643122673,0.06594477593898773,0.010304216295480728,0.0467926450073719,0.0528269037604332,H1975,2,Osimertinib,0,1
5,0.0595917850732803,0.0008385076071135,0.027518676593899727,0.07477118074893951,2.213551397289848e-06,0.042521849274635315,0.05157520994544029,H1975,2,Osimertinib,0,1
1,0.0005328129627741,3.355538865434937e-05,0.02494974434375763,0.041538141667842865,0.003094022860750556,0.03505028039216995,0.040068626403808594,H1975,2,Osimertinib,1,1
2,0.0671268329024314,0.0013192116748541,0.03739215433597565,0.08125091344118118,0.001186152221634984,0.050123073160648346,0.05715879052877426,H1975,2,Osimertinib,1,1
1,0.0679445788264274,0.0012948799412697,0.0395083874464035,0.10726724565029144,0.008748218417167664,0.052955977618694305,0.063573457300663,H1975,2,Osimertinib,10,1
1,0.147053450345993,0.0102226175367832,0.06995699554681778,0.15469953417778015,0.0017353069270029664,0.09512455016374588,0.11511710286140442,H1975,2,Osimertinib,11,1
1,0.0967483446002006,0.0084378151223063,0.09742508828639984,0.22538557648658752,0.0011259320890530944,0.13326820731163025,0.15675222873687744,H1975,2,Osimertinib,12,1
2,0.0307406485080719,0.0026118222158402,0.031678974628448486,0.10610639303922653,0.0003607867984101176,0.04725513234734535,0.05890566483139992,H1975,2,Osimertinib,12,1
3,0.0912374258041381,0.0053804172202944,0.04673824459314346,0.18706899881362915,1.2401481399137992e-05,0.06810292601585388,0.08585017919540405,H1975,2,Osimertinib,12,1
4,0.0158698260784149,0.0034589667338877,0.15935751795768738,0.4043698310852051,0.010314800776541233,0.22645823657512665,0.26635223627090454,H1975,2,Osimertinib,12,1
5,0.0360355824232101,0.005923650227487,0.07022813707590103,0.1629936695098877,0.011707416735589504,0.10124015808105469,0.12226420640945435,H1975,2,Osimertinib,12,1
1,0.0613532438874244,0.0046203108504414,0.03361642733216286,0.10059890896081924,0.0011123170843347907,0.04985416308045387,0.06150953099131584,H1975,2,Osimertinib,13,1
2,0.451153039932251,0.0751345679163932,0.41061103343963623,0.47557076811790466,0.34553617238998413,0.43605560064315796,0.44823557138442993,H1975,2,Osimertinib,13,1
3,0.1796063929796219,0.047980897128582,0.4131122827529907,0.5224600434303284,0.283541738986969,0.47135117650032043,0.494985967874527,H1975,2,Osimertinib,13,1
1,0.0784594640135765,0.0063860965892672,0.0436912439763546,0.15674537420272827,0.0007201845292001963,0.06553566455841064,0.08328224718570709,H1975,2,Osimertinib,14,1
2,0.2311117053031921,0.0174535140395164,0.09607870131731033,0.14100581407546997,0.039569322019815445,0.11808741092681885,0.1294167935848236,H1975,2,Osimertinib,14,1
1,0.0177221838384866,0.0024245830718427,0.09861738979816437,0.27308332920074463,0.005135032813996077,0.1467086374759674,0.17911170423030853,H1975,2,Osimertinib,15,1
2,0.0535565093159675,0.0014930256875231,0.028320621699094772,0.053923048079013824,0.00028491203556768596,0.03764914721250534,0.04276980832219124,H1975,2,Osimertinib,15,1
1,0.0816981345415115,0.0030695262830704,0.04531620070338249,0.11307995021343231,0.00580766424536705,0.061257846653461456,0.07293367385864258,H1975,2,Osimertinib,16,1
1,0.0400424860417842,0.00075000571087,0.030792932957410812,0.10704726725816727,0.000478108850074932,0.04426032677292824,0.053768157958984375,H1975,2,Osimertinib,17,1
1,0.0474291183054447,0.0001768431538948,0.03806597739458084,0.06038377806544304,0.019221298396587372,0.044836025685071945,0.04854470491409302,H1975,2,Osimertinib,18,1
1,0.0706718266010284,0.0036612169351428,0.03127498924732208,0.09251833707094193,0.001246955362148583,0.04859267920255661,0.06133268028497696,H1975,2,Osimertinib,19,1
2,0.1257737725973129,0.0047837533056735,0.08749815076589584,0.16954894363880157,0.013036740943789482,0.11851934343576431,0.13898277282714844,H1975,2,Osimertinib,19,1
1,0.0611992701888084,0.0019355098484084,0.0429692305624485,0.0986509695649147,0.0008653210825286806,0.056821659207344055,0.06575215607881546,H1975,2,Osimertinib,2,1
2,0.0255093500018119,0.0047149937599897,0.11877501755952835,0.2684785723686218,2.267609852424357e-05,0.17588140070438385,0.21467700600624084,H1975,2,Osimertinib,2,1
3,0.1159235835075378,0.0081501174718141,0.050528205931186676,0.11670053005218506,0.0011774096637964249,0.07164932042360306,0.08565273880958557,H1975,2,Osimertinib,2,1
4,0.0886534303426742,0.005749377887696,0.027088109403848648,0.05681980773806572,0.0011954082874581218,0.035849880427122116,0.04204980656504631,H1975,2,Osimertinib,2,1
5,0.0738456398248672,0.0029118771199136,0.059070538729429245,0.14432403445243835,0.002034346340224147,0.08188823610544205,0.0953967496752739,H1975,2,Osimertinib,2,1
1,0.0835732892155647,0.0041563361883163,0.06962790340185165,0.13247083127498627,0.010697242803871632,0.09689899533987045,0.10990308225154877,H1975,2,Osimertinib,20,1
2,0.0839051529765129,0.0014091320335865,0.057197682559490204,0.1286611109972,0.004085145425051451,0.07358817756175995,0.08393853902816772,H1975,2,Osimertinib,20,1
3,0.0012556456495076,0.0001664856099523,0,0,0,0,0,H1975,2,Osimertinib,20,1
1,0.2283962368965149,0.0113689145073294,0.16121235489845276,0.21351298689842224,0.09472306817770004,0.1873685121536255,0.200782909989357,H1975,2,Osimertinib,3,1
2,0.0938798412680625,0.0017575812526047,0.05523105338215828,0.10248453915119171,0.022638361901044846,0.066654734313488,0.07330358028411865,H1975,2,Osimertinib,3,1
3,0.0108306091278791,0.0015208234544843,0.1016334667801857,0.3231760263442993,0.002967961598187685,0.1592482179403305,0.20581024885177612,H1975,2,Osimertinib,3,1
1,0.0627543404698371,0.0012314873747527,0.03693532198667526,0.10186104476451874,0.003431908320635557,0.04991051182150841,0.05800095573067665,H1975,2,Osimertinib,4,1
1,0.0734712183475494,0.0038273751270025,0.03100418485701084,0.0584217794239521,0.010805405676364899,0.040523529052734375,0.04674042761325836,H1975,2,Osimertinib,5,1
2,0.1504613012075424,0.0229671373963356,0.13868266344070435,0.35326579213142395,0.0014332504943013191,0.17876960337162018,0.20463526248931885,H1975,2,Osimertinib,5,1
3,0.037254549562931,0.0084658060222864,0.20148815214633942,0.39009907841682434,0.00044827969395555556,0.2715502977371216,0.3174303472042084,H1975,2,Osimertinib,5,1
1,0.134308248758316,0.0047486298717558,0.05301959440112114,0.09035954624414444,0.013929185457527637,0.06646712124347687,0.07360559701919556,H1975,2,Osimertinib,6,1
1,0.0290521960705518,0.0032050691079348,0.047351546585559845,0.15548785030841827,0.0009929775260388851,0.07492636889219284,0.09669666737318039,H1975,2,Osimertinib,7,1
2,0.0620558857917785,0.0038517240900546,0.052184488624334335,0.20668306946754456,1.2246920050529297e-05,0.08102566748857498,0.10454678535461426,H1975,2,Osimertinib,7,1
3,0.0471585839986801,0.0020461629610508,0.024966757744550705,0.07450173795223236,0.0013489521807059646,0.038618601858615875,0.04780781269073486,H1975,2,Osimertinib,7,1
4,0.006809655111283,0.0010990411974489,0,0,0,0,0,H1975,2,Osimertinib,7,1
1,0.0678569003939628,0.006367873866111,0.08850106596946716,0.21794429421424866,0.0007726728217676282,0.13183915615081787,0.1645616739988327,H1975,2,Osimertinib,8,1
2,0.0743714720010757,0.0049842544831335,0.05999145656824112,0.19038717448711395,9.762799891177565e-05,0.08876530826091766,0.10876656323671341,H1975,2,Osimertinib,8,1
3,0.0626250281929969,0.0024368823505938,0.028978386893868446,0.07181280106306076,0.000826756760943681,0.041777774691581726,0.05037729814648628,H1975,2,Osimertinib,8,1
1,0.1688649207353592,0.0190387777984142,0.189069926738739,0.37193310260772705,0.037711001932621,0.24267242848873138,0.27586230635643005,H1975,2,Osimertinib,9,1
2,0.2691161036491394,0.0238983444869518,0.18209655582904816,0.37721437215805054,0.061586737632751465,0.2243112176656723,0.25058212876319885,H1975,2,Osimertinib,9,1
3,0.0599706247448921,0.0037973499856889,0.02681029587984085,0.06777755916118622,0.00042153068352490664,0.0394979789853096,0.0473036915063858,H1975,2,Osimertinib,9,1
4,0.1625724136829376,0.0077363848686218,0.08731421083211899,0.16729164123535156,0.02847948856651783,0.11025440692901611,0.12920527160167694,H1975,2,Osimertinib,9,1
1,0.140440285205841,0.0263199489563703,0.2018129676580429,0.44147419929504395,0.01233662012964487,0.25949618220329285,0.2989300787448883,H1975,2,Osimertinib,0,2
2,0.0899988114833831,0.0022257687523961,0.04850297421216965,0.14115068316459656,0.00011487543088151142,0.06849991530179977,0.08207514882087708,H1975,2,Osimertinib,0,2
3,0.1007392778992652,0.0098496368154883,0.06488299369812012,0.14946265518665314,0.001550925662741065,0.09050121903419495,0.10752309858798981,H1975,2,Osimertinib,0,2
1,0.1864981204271316,0.0096831796690821,0.11190231144428253,0.19951801002025604,0.027152420952916145,0.13931487500667572,0.15806697309017181,H1975,2,Osimertinib,1,2
2,0.1141934022307396,0.0031424616463482,0.06715434789657593,0.09894243627786636,0.033817242830991745,0.07885805517435074,0.08586609363555908,H1975,2,Osimertinib,1,2
1,0.0980008766055107,0.0034211999736726,0.06379689276218414,0.1842988133430481,0.009992466308176517,0.08573772013187408,0.10509880632162094,H1975,2,Osimertinib,10,2
2,0.091361716389656,0.0052177254110574,0.03673998638987541,0.08563771098852158,0.0002880192769225687,0.051331955939531326,0.060460492968559265,H1975,2,Osimertinib,10,2
3,0.0535678043961524,0.0026056827045977,0.04291365295648575,0.12839274108409882,0.000836435763631016,0.06542254984378815,0.0805811882019043,H1975,2,Osimertinib,10,2
4,0.0457215495407581,0.0014982385328039,0.03702342510223389,0.11298435181379318,9.042214514920488e-05,0.054400067776441574,0.06631995737552643,H1975,2,Osimertinib,10,2
1,0.024613594636321,0.0008288036915473,0.02863743156194687,0.07164878398180008,0.00021000781271141022,0.03892296180129051,0.04612988606095314,H1975,2,Osimertinib,11,2
2,0.0542309023439884,0.0024667510297149,0.02959604188799858,0.06886538863182068,0.00034676544601097703,0.0442790612578392,0.05364604294300079,H1975,2,Osimertinib,11,2
3,0.0428354889154434,0.0019590910524129,0.019082605838775635,0.04709795489907265,0.0002006128488574177,0.0305086188018322,0.03777888044714928,H1975,2,Osimertinib,11,2
1,0.1860030442476272,0.0115162590518593,0.12448837608098984,0.24755573272705078,0.04613054171204567,0.15230926871299744,0.1735469102859497,H1975,2,Osimertinib,12,2
1,6.747254519723356e-05,1.1032167094526812e-05,0,0,0,0,0,H1975,2,Osimertinib,13,2
2,0.0299844704568386,0.00269863801077,0.030289921909570694,0.07091102004051208,0.00523944990709424,0.04941554367542267,0.0625290647149086,H1975,2,Osimertinib,13,2
1,0.0690817236900329,0.0011589750647544,0.033489298075437546,0.06505206227302551,0.003598047187551856,0.04207908362150192,0.04713954031467438,H1975,2,Osimertinib,14,2
1,0.0805322229862213,0.0060166008770465,0.0681036114692688,0.1942947655916214,3.270078377681784e-05,0.10222108662128448,0.12427469342947006,H1975,2,Osimertinib,15,2
2,0.030084028840065,0.0026741593610495,0.05544367432594299,0.23052476346492767,0.0004368048976175487,0.08772814273834229,0.1143474206328392,H1975,2,Osimertinib,15,2
3,0.0263972785323858,0.0010947723640128,0.0216235164552927,0.06177816167473793,0.0014236846473067999,0.03272448852658272,0.040610674768686295,H1975,2,Osimertinib,15,2
1,0.0838268771767616,0.0043044299818575,0.028460072353482246,0.06391249597072601,0.0011405445402488112,0.04191596433520317,0.05055495351552963,H1975,2,Osimertinib,16,2
1,0.225735068321228,0.0305045396089553,0.11974751949310303,0.17918124794960022,0.07049809396266937,0.13729597628116608,0.1488843560218811,H1975,2,Osimertinib,17,2
2,0.0528524927794933,0.0006038437713868,0.028631575405597687,0.05622785538434982,0.00011612650996539742,0.03792492672801018,0.043017469346523285,H1975,2,Osimertinib,17,2
1,0.0744827985763549,0.000820611254312,0.048774152994155884,0.07489631325006485,0.01881568692624569,0.05837385356426239,0.06358939409255981,H1975,2,Osimertinib,18,2
2,0.3850370645523071,0.0325423069298267,0.17785799503326416,0.22111622989177704,0.11940710991621017,0.19584327936172485,0.20701618492603302,H1975,2,Osimertinib,18,2
3,0.0789713934063911,0.0078757144510746,0.11796723306179047,0.292765349149704,0.002995413960888982,0.17021170258522034,0.2084391564130783,H1975,2,Osimertinib,18,2
4,0.0354446917772293,0.0036893605720251,0.03795136883854866,0.10121403634548187,0.0006948013324290514,0.05417204648256302,0.06559295952320099,H1975,2,Osimertinib,18,2
5,0.0516789592802524,0.0026984740979969,0.025619039312005043,0.09126530587673187,0.0004771206295117736,0.0392054058611393,0.049630604684352875,H1975,2,Osimertinib,18,2
1,0.2333847880363464,0.0177044197916984,0.12494366616010666,0.20200273394584656,0.050118282437324524,0.1544470638036728,0.17107616364955902,H1975,2,Osimertinib,19,2
1,0.1395498216152191,0.0144947385415434,0.18378064036369324,0.4201887547969818,0.0011540610576048493,0.2531561851501465,0.2954017221927643,H1975,2,Osimertinib,2,2
2,0.0397795289754867,0.0014211478410288,0.016723258420825005,0.04469906538724899,0.0003998721658717841,0.026005085557699203,0.03294667974114418,H1975,2,Osimertinib,2,2
3,0.0509269163012504,0.0036566562484949,0.02574544958770275,0.09272155910730362,0.002407887252047658,0.04122448340058327,0.05465201288461685,H1975,2,Osimertinib,2,2
1,0.0168797522783279,0.0007720994763076,0.024701697751879692,0.101826012134552,0.0014703860506415367,0.03755217790603638,0.04853026568889618,H1975,2,Osimertinib,20,2
1,0.0775307416915893,0.0086345318704843,0.04057660698890686,0.11609663814306259,0.002295657293871045,0.062100306153297424,0.07917586714029312,H1975,2,Osimertinib,21,2
2,0.1212880536913871,0.0070423143915832,0.05877818912267685,0.14891450107097626,0.0013692493084818125,0.08236441016197205,0.09784533083438873,H1975,2,Osimertinib,21,2
3,0.1241341158747673,0.0040751849301159,0.06705775856971741,0.1284666359424591,0.0109813641756773,0.08431623131036758,0.09521180391311646,H1975,2,Osimertinib,21,2
1,0.0021050262730568,0.0002955012896563,0.10614535212516785,0.2937261760234833,0.0025708286557346582,0.15947730839252472,0.1944536715745926,H1975,2,Osimertinib,22,2
2,0.0435532666742801,0.004761813674122,0.0748373493552208,0.20328094065189362,0.00039686006493866444,0.1147819310426712,0.14977428317070007,H1975,2,Osimertinib,22,2
3,0.0502642653882503,0.0037127444520592,0.03560731187462807,0.12093840539455414,0.0001461826468585059,0.056233543902635574,0.07218857109546661,H1975,2,Osimertinib,22,2
1,0.0909233018755912,0.0137062910944223,0.0657995343208313,0.10360873490571976,0.0065095145255327225,0.0861240103840828,0.0946604460477829,H1975,2,Osimertinib,23,2
2,0.1637842208147049,0.0148243494331836,0.17749206721782684,0.40900683403015137,0.028002656996250153,0.23881705105304718,0.27535808086395264,H1975,2,Osimertinib,23,2
3,0.0583517141640186,0.003007877850905,0.04449637979269028,0.10781128704547882,0.0010999013902619481,0.06403934210538864,0.07582353055477142,H1975,2,Osimertinib,23,2
4,0.0062171788886189,0.0006814312655478,0.04293625429272652,0.1702537089586258,0.002778611145913601,0.07605824619531631,0.1702537089586258,H1975,2,Osimertinib,23,2
1,0.0610869564116001,0.0016299615381285,0.027058271691203117,0.06435397267341614,0.0011074637295678258,0.03670325130224228,0.04249655827879906,H1975,2,Osimertinib,24,2
2,0.0405439995229244,0.0022305049933493,0.02849411405622959,0.08389594405889511,0.00011755280866054818,0.04306698963046074,0.05311213806271553,H1975,2,Osimertinib,24,2
3,0.0454040244221687,0.0040671611204743,0.05602250620722771,0.1899062693119049,0.0007474051089957356,0.08585330098867416,0.11030416190624237,H1975,2,Osimertinib,24,2
1,0.0504512712359428,0.0009527736110612,0.04610618203878403,0.11199752986431122,0.000877487997058779,0.060966797173023224,0.07206300646066666,H1975,2,Osimertinib,25,2
2,0.1234797611832618,0.0026036095805466,0.08284524828195572,0.1277877688407898,0.053169820457696915,0.09738113731145859,0.1055595874786377,H1975,2,Osimertinib,25,2
1,0.0222858823835849,0.0012641225475817,0.0243698600679636,0.11368247866630554,0.00016757658158894628,0.037338655441999435,0.04926939308643341,H1975,2,Osimertinib,26,2
2,0.1062152087688446,0.0056262891739606,0.06150722876191139,0.1611594706773758,0.0035909507423639297,0.08464915305376053,0.10038089752197266,H1975,2,Osimertinib,26,2
1,0.0549165457487106,0.0059816990979015,0.04776722192764282,0.13267068564891815,0.0013826402137055993,0.07417105883359909,0.09536202251911163,H1975,2,Osimertinib,3,2
2,0.0595935881137847,0.0090335132554173,0.13412116467952728,0.3950706422328949,0.0022837647702544928,0.20472273230552673,0.264342337846756,H1975,2,Osimertinib,3,2
3,0.0819560587406158,0.0034583534579724,0.03902394697070122,0.11404554545879364,0.0014637707499787211,0.05512203276157379,0.06538386642932892,H1975,2,Osimertinib,3,2
1,0.0900213569402694,0.0033363595139235,0.047595422714948654,0.08256933093070984,0.022350551560521126,0.05953196808695793,0.06604669243097305,H1975,2,Osimertinib,4,2
1,0.0517126470804214,0.0123605085536837,0.278036892414093,0.4438978433609009,0.06611162424087524,0.35085251927375793,0.3887569010257721,H1975,2,Osimertinib,6,2
2,0.0526076070964336,0.0023905530106276,0.02994713932275772,0.09808123856782913,0.00038735667476430535,0.043374259024858475,0.0537007674574852,H1975,2,Osimertinib,6,2
1,0.0010078005725517,0.0001493629533797,0.11063220351934433,0.2547461688518524,0.016773764044046402,0.15299715101718903,0.18486610054969788,H1975,2,Osimertinib,7,2
2,0.0869549661874771,0.0067790285684168,0.062375135719776154,0.1942264437675476,0.0005044119316153228,0.09702671319246292,0.12538032233715057,H1975,2,Osimertinib,7,2
3,0.0498114414513111,0.0008900836692191,0.0386677049100399,0.07225538790225983,0.00505207059904933,0.04903917387127876,0.0553637333214283,H1975,2,Osimertinib,7,2
4,0.0331306084990501,0.0046889749355614,0.12161725759506226,0.3026120960712433,0.012711296789348125,0.17412486672401428,0.21293996274471283,H1975,2,Osimertinib,7,2
1,0.0886056944727897,0.0026392594445496,0.046705037355422974,0.08703747391700745,0.012488733045756817,0.0585140697658062,0.06595836579799652,H1975,2,Osimertinib,8,2
1,0.000116465773317,1.745025656418875e-05,0,0,0,0,0,H1975,2,Osimertinib,9,2
2,0.051393024623394,0.0036101210862398,0.025351066142320633,0.06948404014110565,0.0008121312130242586,0.0393572598695755,0.04978518560528755,H1975,2,Osimertinib,9,2
